<?xml version="1.0" encoding="UTF-8"?>
<beans xmlns="http://www.springframework.org/schema/beans"
	xmlns:xsi="http://www.w3.org/2001/XMLSchema-instance" 
	xmlns:aop="http://www.springframework.org/schema/aop"	
	xmlns:context="http://www.springframework.org/schema/context"
	xmlns:util="http://www.springframework.org/schema/util"
	 xmlns:p="http://www.springframework.org/schema/p"
	 xmlns:tx="http://www.springframework.org/schema/tx"
	 xmlns:mvc="http://www.springframework.org/schema/mvc"
	xsi:schemaLocation="http://www.springframework.org/schema/beans 
	http://www.springframework.org/schema/beans/spring-beans-4.0.xsd
	 http://www.springframework.org/schema/context
     http://www.springframework.org/schema/context/spring-context-3.0.xsd
     http://www.springframework.org/schema/util 
     http://www.springframework.org/schema/util/spring-util-3.0.xsd
  http://www.springframework.org/schema/aop 
http://www.springframework.org/schema/aop/spring-aop.xsd
http://www.springframework.org/schema/mvc 
	http://www.springframework.org/schema/mvc/spring-mvc-3.2.xsd
	http://www.springframework.org/schema/tx 
		http://www.springframework.org/schema/tx/spring-tx-3.2.xsd">
		
	<bean id="PreethiHomeAddress" class="com.cg.bean.Address">
		<property name="state" value="Tamilnadu"/>
		<property name="city" value="Chennai"/>
		<property name="zipCode" value="602002"/>		
	</bean>
	
	<bean id="PreethiOfficeAddress" class="com.cg.bean.Address">
		<property name="state" value="Maharastra"/>
		<property name="city" value="Pune"/>
		<property name="zipCode" value="411021"/>		
	</bean>
	
	<bean id="MadheshHomeAddress" class="com.cg.bean.Address">
		<property name="state" value="TamilNadu"/>
		<property name="city" value="Thiruvallur"/>
		<property name="zipCode" value="600028"/>		
	</bean>
	
	<bean id="MadheshOfficeAddress" class="com.cg.bean.Address">
		<property name="state" value="TamilNadu"/>
		<property name="city" value="Chennai"/>
		<property name="zipCode" value="602002"/>		
	</bean>
	
	<bean id="PreethiObj" class="com.cg.bean.Employee">
		<property name="empId" value="13156"/>
		<property name="empName" value="PreethiR"/>
		<property name="empSalary" value="2000"/>
		<property name="empAdd" ref="PreethiHomeAddress"/>	
	</bean>
	
	<bean id="MadheshObj" class="com.cg.bean.Emp">
		<property name="empId" value="234245"/>
		<property name="empName" value="MadheshR"/>
		<property name="empSalary" value="25000"/>
		<property name="empAdd" >
			<list>
				<ref bean="MadheshHomeAddress"/>
				<ref bean="MadheshOfficeAddress"/>
			</list>
		</property>
	</bean>
	

</beans>
